wavelength (nm),LED-BH1
380,0.003120462
381,0.003669725
382,0.004315669
383,0.005075311
384,0.005968665
385,0.007019265
386,0.008254791
387,0.009707791
388,0.011416546
389,0.01342607
390,0.015789305
391,0.018568506
392,0.02183689
393,0.025680557
394,0.030200762
395,0.035516577
396,0.041768035
397,0.048904971
398,0.056781618
399,0.065994619
400,0.076890556
401,0.089904846
402,0.10548195
403,0.124081808
404,0.146304757
405,0.173002067
406,0.205231704
407,0.244105145
408,0.288305884
409,0.344390383
410,0.410669921
411,0.488430569
412,0.578767605
413,0.682493109
414,0.800742292
415,0.934325372
416,1.084080382
417,1.250198156
418,1.432583452
419,1.630606185
420,1.843379864
421,2.06903309
422,2.305076082
423,2.549084088
424,2.799397054
425,3.054491555
426,3.31185167
427,3.567814377
428,3.818939857
429,4.061644386
430,4.292892771
431,4.564936817
432,4.841113948
433,5.12126951
434,5.405201985
435,5.691800095
436,5.978583856
437,6.262268627
438,6.53950699
439,6.806721281
440,7.059238599
441,7.291093268
442,7.496235913
443,7.670004747
444,7.809096553
445,7.910170254
446,7.969177532
447,7.98255332
448,7.948816919
449,7.868798327
450,7.744849357
451,7.580436963
452,7.380198746
453,7.149548638
454,6.893792251
455,6.617717726
456,6.326175846
457,6.02493553
458,5.720628439
459,5.419485911
460,5.125958326
461,4.842576148
462,4.571062803
463,4.313319137
464,4.071225438
465,3.845736111
466,3.636452674
467,3.442093347
468,3.261310742
469,3.093216392
470,2.937449131
471,2.793963246
472,2.662701162
473,2.543213081
474,2.434440362
475,2.335073309
476,2.244447002
477,2.163124788
478,2.092432591
479,2.033387159
480,1.986149616
481,1.950421922
482,1.926118461
483,1.913529676
484,1.912974266
485,1.924556452
486,1.948447107
487,1.985363785
488,2.036547252
489,2.103164616
490,2.185947453
491,2.285529229
492,2.402761584
493,2.53835538
494,2.692539784
495,2.865531527
496,3.058094629
497,3.271163929
498,3.505082469
499,3.759595019
500,4.034269806
501,4.328115682
502,4.638547099
503,4.961516698
504,5.293779314
505,5.6353293
506,5.988806841
507,6.35556197
508,6.73220716
509,7.111436886
510,7.4862227
511,7.853089117
512,8.212009747
513,8.564272971
514,8.910658682
515,9.250760599
516,9.583275162
517,9.906967646
518,10.22153009
519,10.52724903
520,10.8236571
521,11.10887205
522,11.38067783
523,11.63821788
524,11.88242893
525,12.11484578
526,12.33603986
527,12.54496742
528,12.73942393
529,12.9171027
530,13.07680618
531,13.21934523
532,13.34736467
533,13.46376139
534,13.56981632
535,13.66497333
536,13.74877786
537,13.82286817
538,13.890303
539,13.95264566
540,14.00866598
541,14.05675489
542,14.09771376
543,14.1338249
544,14.16583421
545,14.19270581
546,14.21443328
547,14.23323522
548,14.25108692
549,14.2672788
550,14.27943918
551,14.28626011
552,14.28833831
553,14.28680295
554,14.28198375
555,14.2735096
556,14.2613836
557,14.24657728
558,14.23002341
559,14.2110753
560,14.18798854
561,14.16033652
562,14.12987772
563,14.09841275
564,14.06582273
565,14.03096667
566,13.99352834
567,13.95399991
568,13.91246255
569,13.86842667
570,13.82188049
571,13.77392805
572,13.72617303
573,13.67947067
574,13.63314263
575,13.58548319
576,13.53556414
577,13.48481055
578,13.4362811
579,13.39202319
580,13.35164311
581,13.31379386
582,13.27841282
583,13.24702647
584,13.22131416
585,13.20172822
586,13.18731064
587,13.17693418
588,13.1711268
589,13.1726458
590,13.18500367
591,13.21056166
592,13.25019057
593,13.30436612
594,13.37416007
595,13.46163115
596,13.57030074
597,13.70536357
598,13.87219377
599,14.07381725
600,14.31064919
601,14.58373421
602,14.89789275
603,15.26065272
604,15.67798213
605,16.15206009
606,16.68393109
607,17.27756681
608,17.93991423
609,18.6771014
610,19.49263771
611,20.39087055
612,21.38166737
613,22.48066427
614,23.70494994
615,25.06837952
616,26.57905292
617,28.23736708
618,30.03135758
619,31.92876704
620,33.87034794
621,35.77002421
622,37.52201287
623,39.01050415
624,40.12058764
625,40.75253547
626,40.83689525
627,40.34257142
628,39.27487162
629,37.66934604
630,35.58773661
631,33.11587478
632,30.35989433
633,27.43907278
634,24.47639686
635,21.5891068
636,18.88110124
637,16.43691785
638,14.31510477
639,12.54121614
640,11.10530517
641,9.967959531
642,9.072565074
643,8.358363909
644,7.771423009
645,7.272267687
646,6.837937676
647,6.457752393
648,6.126155588
649,5.837245863
650,5.584711264
651,5.358825339
652,5.154494529
653,4.969366539
654,4.800653802
655,4.644172876
656,4.495240535
657,4.352420177
658,4.21774284
659,4.093482638
660,3.979550563
661,3.873634253
662,3.770894907
663,3.669256
664,3.571133483
665,3.478886891
666,3.392474092
667,3.3097226
668,3.228858202
669,3.150130278
670,3.074090737
671,2.999549584
672,2.928539866
673,2.859870528
674,2.793357841
675,2.728160744
676,2.663479697
677,2.600327872
678,2.539140111
679,2.480351433
680,2.422695251
681,2.367045646
682,2.310894618
683,2.256259033
684,2.204142421
685,2.153293056
686,2.102730285
687,2.053588824
688,2.004637542
689,1.956881059
690,1.910585739
691,1.865571244
692,1.82094023
693,1.778386903
694,1.737269035
695,1.695690594
696,1.655120242
697,1.615448892
698,1.576144298
699,1.537695588
700,1.499060028
701,1.463268486
702,1.427979429
703,1.393510448
704,1.359368797
705,1.326991834
706,1.295949454
707,1.266632123
708,1.236304403
709,1.207252453
710,1.179291128
711,1.151073674
712,1.124192705
713,1.098462974
714,1.072957497
715,1.046925494
716,1.021408256
717,0.996952508
718,0.972865653
719,0.949547585
720,0.927164081
721,0.905946167
722,0.88484866
723,0.864547666
724,0.845553153
725,0.827491705
726,0.809473184
727,0.791544023
728,0.772870228
729,0.75529545
730,0.735957507
731,0.717141999
732,0.699170912
733,0.681259635
734,0.663895783
735,0.646636896
736,0.630901285
737,0.615976171
738,0.600965534
739,0.586647675
740,0.572945035
741,0.559396941
742,0.546808652
743,0.535350626
744,0.524925246
745,0.513880921
746,0.502777319
747,0.491790122
748,0.481522471
749,0.471114459
750,0.460416656
751,0.450743388
752,0.441114953
753,0.431729628
754,0.422974132
755,0.414882237
756,0.406283623
757,0.397194149
758,0.387847342
759,0.379801904
760,0.371989729
761,0.364262186
762,0.356839307
763,0.349734072
764,0.342918332
765,0.335048205
766,0.327815019
767,0.321914596
768,0.315280192
769,0.308539831
770,0.303801709
771,0.298008327
772,0.292315895
773,0.286711601
774,0.281182633
775,0.275716175
776,0.270299416
777,0.264919541
778,0.259563738
779,0.254219192
780,0.248873091
