wavelength (nm),LED-V1
380,0.007252573
381,0.00974307
382,0.013088791
383,0.017583417
384,0.023621475
385,0.031732971
386,0.042629915
387,0.057268815
388,0.076934641
389,0.103353613
390,0.141944153
391,0.190812102
392,0.254684738
393,0.339698522
394,0.453047186
395,0.605439813
396,0.812111588
397,1.097815269
398,1.48213182
399,1.984847991
400,2.623719493
401,3.417718944
402,4.395315802
403,5.55023481
404,6.897512573
405,8.427665196
406,10.07833322
407,11.77711033
408,13.4465624
409,15.0599493
410,16.51244891
411,17.64063365
412,18.36384026
413,18.66619757
414,18.50293253
415,17.89578012
416,16.90410346
417,15.63612367
418,14.20351719
419,12.70001318
420,11.25549308
421,9.930708735
422,8.741583277
423,7.690541307
424,6.757688237
425,5.944495516
426,5.256223761
427,4.668085265
428,4.151538294
429,3.699430576
430,3.311128144
431,2.987141978
432,2.724012342
433,2.514941283
434,2.362372434
435,2.249742101
436,2.162518801
437,2.103809417
438,2.071010727
439,2.060892862
440,2.068814533
441,2.086105899
442,2.120791119
443,2.170992449
444,2.228404614
445,2.292568611
446,2.362372434
447,2.437927356
448,2.518302192
449,2.59934467
450,2.680088467
451,2.766714402
452,2.855783968
453,2.951733478
454,3.049781085
455,3.148262074
456,3.247438524
457,3.344488327
458,3.435579124
459,3.535736541
460,3.636896887
461,3.747740982
462,3.857248328
463,3.96001702
464,4.071743253
465,4.182638594
466,4.308200116
467,4.433875109
468,4.564422723
469,4.692438126
470,4.827965976
471,4.972613154
472,5.118595618
473,5.276055391
474,5.4187421
475,5.569108899
476,5.720352712
477,5.889858607
478,6.069547521
479,6.229819154
480,6.397512458
481,6.568251882
482,6.745975203
483,6.93151917
484,7.098830336
485,7.267154679
486,7.437044177
487,7.607654758
488,7.775990082
489,7.928535505
490,8.082725146
491,8.226499703
492,8.366034142
493,8.499493178
494,8.62079262
495,8.734502749
496,8.841144062
497,8.94095814
498,9.037337372
499,9.123914991
500,9.205712228
501,9.280026301
502,9.351393081
503,9.417856494
504,9.47877232
505,9.535603226
506,9.582725492
507,9.631014669
508,9.674965631
509,9.714143531
510,9.750368283
511,9.782227002
512,9.814789967
513,9.841082799
514,9.87262307
515,9.906353678
516,9.935580625
517,9.967531584
518,9.992681663
519,10.0264701
520,10.06149573
521,10.09450013
522,10.13030981
523,10.17063924
524,10.21376517
525,10.25856167
526,10.30600531
527,10.35609536
528,10.40629816
529,10.45677035
530,10.51025133
531,10.56518838
532,10.62738166
533,10.6875808
534,10.75183264
535,10.82014598
536,10.89312111
537,10.96281439
538,11.03074925
539,11.10084444
540,11.17423391
541,11.24111533
542,11.3191827
543,11.39865417
544,11.47877278
545,11.55287016
546,11.62957809
547,11.70076478
548,11.77233068
549,11.84743099
550,11.92460012
551,11.99464918
552,12.06588858
553,12.14191056
554,12.21889008
555,12.2969655
556,12.37628397
557,12.45394651
558,12.52708928
559,12.60294654
560,12.6815549
561,12.75383457
562,12.82503956
563,12.8996816
564,12.98462964
565,13.06808428
566,13.15520069
567,13.2428808
568,13.33016413
569,13.42542038
570,13.52269712
571,13.61859465
572,13.71596217
573,13.8265354
574,13.94143807
575,14.05851935
576,14.17716286
577,14.30133346
578,14.42533276
579,14.55648067
580,14.70498143
581,14.8587516
582,15.01244856
583,15.15732414
584,15.30747059
585,15.46159947
586,15.6339714
587,15.81500365
588,16.00073576
589,16.18738295
590,16.38287347
591,16.57823955
592,16.76793945
593,16.96164374
594,17.16691465
595,17.3882983
596,17.60688547
597,17.82374496
598,18.04685629
599,18.27213453
600,18.49707601
601,18.68919172
602,18.88433818
603,19.08595609
604,19.29868674
605,19.51354038
606,19.72401627
607,19.92012905
608,20.12079528
609,20.31907497
610,20.51611015
611,20.71757433
612,20.92826252
613,21.13273548
614,21.32796979
615,21.52199618
616,21.70717924
617,21.88785278
618,22.05271373
619,22.22254539
620,22.3799466
621,22.53641077
622,22.68082515
623,22.82141083
624,22.94949285
625,23.06806536
626,23.16618397
627,23.25814593
628,23.34407567
629,23.42854128
630,23.50659401
631,23.57079607
632,23.61493957
633,23.65511527
634,23.6844857
635,23.70768483
636,23.72474925
637,23.72644764
638,23.71523242
639,23.69778
640,23.66691615
641,23.62310209
642,23.57101569
643,23.50670382
644,23.43411961
645,23.35464668
646,23.26354856
647,23.15544458
648,23.0519819
649,22.94777982
650,22.81259677
651,22.65907551
652,22.50659378
653,22.35252346
654,22.18887774
655,22.01285281
656,21.83602261
657,21.64424365
658,21.44217186
659,21.23622745
660,21.0300195
661,20.80888475
662,20.58785248
663,20.36956546
664,20.14422134
665,19.91261075
666,19.67716413
667,19.44244226
668,19.19473357
669,18.94848168
670,18.69400139
671,18.43493837
672,18.17130727
673,17.91503342
674,17.6559338
675,17.38877415
676,17.11859839
677,16.84985748
678,16.57906679
679,16.31008429
680,16.04978409
681,15.78586016
682,15.50293184
683,15.22080878
684,14.94875894
685,14.68613809
686,14.42094037
687,14.15989932
688,13.89897832
689,13.63143433
690,13.36237497
691,13.0952102
692,12.82503956
693,12.55080817
694,12.29356067
695,12.0402978
696,11.78770404
697,11.53271057
698,11.28550773
699,11.03982978
700,10.80380923
701,10.56302953
702,10.3206466
703,10.08562605
704,9.852125261
705,9.6220725
706,9.396049021
707,9.173017491
708,8.956078202
709,8.745763366
710,8.538801386
711,8.33822008
712,8.144218571
713,7.945157764
714,7.75329608
715,7.568462216
716,7.387995849
717,7.194867693
718,7.014642908
719,6.84735224
720,6.681553519
721,6.501091545
722,6.333822839
723,6.173452377
724,6.019035065
725,5.862809553
726,5.713032066
727,5.565006409
728,5.419474165
729,5.268422885
730,5.124452135
731,4.990388414
732,4.862373011
733,4.73008894
734,4.590777048
735,4.455876578
736,4.330162054
737,4.208968029
738,4.096633449
739,3.987746162
740,3.879942331
741,3.769153872
742,3.664715341
743,3.560093794
744,3.459737256
745,3.365000777
746,3.276721108
747,3.187762815
748,3.102489735
749,3.01789894
750,2.935579009
751,2.85181691
752,2.781845445
753,2.708273685
754,2.626647751
755,2.541572329
756,2.465593541
757,2.392516658
758,2.327233334
759,2.263010039
760,2.20863887
761,2.149152766
762,2.080527567
763,2.015465326
764,1.954612457
765,1.900724451
766,1.844802769
767,1.790887676
768,1.737921338
769,1.69325881
770,1.651537717
771,1.609864208
772,1.566618224
773,1.524521582
774,1.483162861
775,1.439389937
776,1.392386851
777,1.345116416
778,1.303807036
779,1.259114127
780,1.221083737
